Reservation-id,Reservation_status
62931593,0
70586099,0
4230648,0
25192322,0
80931528,0
64700386,2
16938050,0
90487908,2
5595445,0
17502557,0
92229895,0
27386334,0
76765181,0
40697301,0
63963888,0
27282946,0
8696141,0
52621292,0
21821230,0
12316731,0
93926052,0
5935873,0
56971851,0
72701445,0
27017349,0
60891446,0
27044174,2
88238517,2
61900789,0
64883577,0
55378041,0
53798465,0
60781799,0
94752419,2
60425470,0
96410589,0
41224708,0
74972878,0
50824748,0
94524482,0
32635033,0
92183172,0
28323092,0
86372652,0
19585428,0
42025914,1
85872241,0
16826564,0
80812644,0
64063500,0
39990516,0
71506176,0
70061836,1
25308221,0
75655661,0
41754532,0
87457897,0
33332229,1
43160739,0
76748822,0
35120015,2
40281701,0
27470890,0
18603967,1
65425620,0
42460243,2
2260132,0
20252884,0
15834405,0
90882609,0
76274266,1
13465422,1
4154680,0
4039529,0
6464114,0
21522961,0
25365627,1
22773391,2
14737797,0
39495485,0
69167054,0
46999433,1
23730056,0
65593958,1
1794817,0
568595,1
25540175,0
84281735,0
43117940,0
61747940,0
83033730,0
50132508,1
91149643,2
22294408,0
83629935,0
90562901,0
23362123,0
25574994,0
96601070,0
9849013,0
61268622,1
71369022,0
56819796,0
44480838,0
46997829,0
19493041,2
44705080,0
68317504,0
99142742,1
10932581,0
34186149,0
14986967,2
75352672,0
73587761,0
24225853,0
31053495,0
7544562,0
84009718,2
12848784,0
22206000,0
71645476,0
63933616,0
98523961,0
48949293,0
54039707,0
74268516,0
61747586,0
73468379,0
11357536,1
57315445,0
98107193,0
36317156,0
87140045,1
3858417,0
3484037,0
22152722,1
57476767,0
76342541,0
45672997,2
56546990,0
95346355,0
33870599,0
48651179,0
66744667,0
33429510,0
29185964,0
22782756,0
93139781,0
40786744,1
6137983,0
44476577,0
451424,0
36633039,0
59841829,0
86808792,0
44607177,0
94259414,1
93524061,0
40513594,0
97015202,0
94354381,1
49608182,1
12910803,0
7510007,1
81843718,0
2368054,0
38850660,1
86780562,0
80159546,0
31891030,0
65616811,0
50402056,0
60253225,0
58193137,0
10638256,0
89721533,0
39259056,1
81117513,0
62838233,0
16279861,2
81200609,0
67118671,0
49644870,0
50082265,0
20794778,1
73042352,0
18409964,1
70788551,0
42004070,0
34115215,0
84539295,0
60111231,0
56321763,0
17905639,0
52664408,1
98921286,0
46096867,1
51499029,1
9425826,0
61763538,1
68767075,1
24065252,0
56151689,0
95687144,0
51881559,0
32939582,0
269319,0
87676829,0
77358652,0
92544167,0
87927325,0
38001139,0
4542842,0
70512641,1
52717568,1
67352978,0
4734692,0
83194140,0
93223407,1
65758952,0
91585570,0
59665742,0
17786035,0
74306619,0
44014777,0
88020741,0
56480485,2
36492621,0
72255960,0
96786267,0
36743163,0
61808366,0
4084643,1
55305311,0
6656692,0
35268612,0
30099568,0
49913126,0
81650927,0
47515896,0
21898328,2
73043218,0
65630542,0
63409154,0
25080457,0
19836054,0
83975325,0
15293012,0
78131327,0
38344172,0
15136951,0
95066467,0
69364978,0
83076151,0
45815750,1
28146454,0
35190891,0
46923817,0
9659883,1
19358187,0
45244301,0
7243540,0
37331725,0
43649142,0
67311265,0
97787496,0
68829691,0
14898599,0
2208574,0
85411428,0
92473170,0
24920269,0
82468346,0
61464854,1
64260613,0
58562037,0
47934607,0
18473518,1
6174918,0
92692764,0
28515154,0
50675442,1
53261183,0
62286239,0
6723048,0
11135004,0
93506333,0
12386368,0
3680052,0
63716527,2
12431258,0
12946891,2
38282546,0
19585385,0
61708136,2
36684071,0
92236537,1
7934880,0
52580122,0
33053296,0
26818960,1
80423078,0
4535931,0
48747739,0
43683213,0
5025557,0
53985327,1
92923307,0
88450074,0
72110617,0
97619755,0
9236843,0
47095080,0
87587990,0
82451090,1
25553539,1
60362942,0
35025933,0
46262420,0
54353311,2
45625478,0
22498134,0
38550520,0
59567899,1
85263081,0
86272483,1
77150487,0
2718958,0
86529128,0
63593222,0
97907044,0
57117704,0
34139728,0
69755703,0
50295425,0
489569,1
20460868,0
34146657,2
44442423,1
61735297,0
16238707,1
98540026,2
16232630,0
88794796,0
52604895,0
92337882,0
9201042,0
91836596,0
16527896,0
41614945,0
29951275,0
75058864,0
95310373,0
73653384,0
32004848,0
53583531,0
58034214,0
98233510,1
4454983,0
672637,0
68525273,0
21361529,0
67048647,0
67690197,0
61528433,0
97727786,0
37595100,2
6302097,0
69754182,0
72259602,0
3641848,0
32731707,0
3556731,0
60940241,0
93897474,1
65715013,0
82670065,2
98928971,0
9907656,1
52294619,0
82509446,0
14366947,0
86425434,0
38431913,0
84678556,0
26967757,0
30037430,0
10378995,0
65525448,0
79897767,0
738956,0
52312220,0
12973691,1
1136559,0
85771728,0
83911057,2
78641911,0
56483609,0
97270148,0
22744114,0
3477007,0
11471017,0
65751836,0
78283725,0
68656076,2
34125677,0
29373913,0
32247205,0
70741695,0
74248187,0
92259027,0
3596204,0
23506394,1
65045531,1
98577176,0
59986478,0
94955605,2
35655135,0
23663674,0
99664548,0
59855510,0
18969348,0
26265371,1
55750229,0
89602422,0
90783462,0
34300225,0
46903391,2
80155697,0
27662142,0
6222390,0
85524525,0
37480007,0
55428598,0
65797493,0
20061960,0
47199087,0
10260418,1
9746752,0
67139468,0
60634871,0
53819054,1
89830064,0
33243297,0
34890362,0
35896451,0
34911706,0
25998722,1
97178538,0
649124,0
61367175,0
17460804,0
85973647,0
44925821,0
42420723,0
69893288,2
31899876,0
62575378,0
63669387,0
55667532,0
70405950,0
38224976,0
90491030,0
72970791,2
40483145,2
87800461,0
94525681,2
93422353,0
39341346,1
65817461,0
81624414,0
49497444,2
1164005,0
85925462,0
91210577,0
90397982,0
79389419,0
32941111,0
86861463,0
94442457,0
38607749,0
70560954,0
29388468,1
84899203,0
22945006,0
30689639,0
61622598,0
95414443,0
43581896,0
86078165,1
77062771,0
84263576,1
12584187,0
11256358,0
9122782,0
43778704,0
17470915,0
65940919,1
25192909,0
40113251,0
27380459,0
93153045,0
71846686,0
4363902,0
89617312,0
77224569,0
60284929,0
89154977,0
38987701,0
60529273,1
80988629,0
95564150,2
23565115,2
71925855,0
56594943,0
62896128,0
320974,0
61945559,0
51102079,0
17944404,0
74097915,0
72961577,0
9406065,0
31712999,1
772477,2
40876045,0
15525680,2
1220121,2
66373347,0
77485565,0
1709337,0
78783753,1
36118674,0
16034345,0
95411958,0
65283644,0
65974018,0
97308841,2
94035715,0
2780702,0
57537559,0
51223964,0
47840681,2
67776455,0
89529997,0
57812290,0
94519587,0
79663212,0
54828270,0
74811794,1
83345601,0
56570387,0
95026867,0
51381402,0
58074618,0
45015777,2
20609696,0
53246505,0
17367864,1
78968593,0
75176421,1
61418404,0
85020961,0
91920213,0
20137143,0
32345779,1
34956784,0
73216190,0
81278503,0
76449258,0
39481842,0
59827519,0
47252802,0
35043113,2
24583080,0
73050389,0
72460331,1
76872180,0
2132883,1
24137681,0
91676758,0
51264056,0
34657093,0
82768374,1
62247784,0
9209094,0
8727009,0
99694281,0
75890985,0
7334404,0
69203107,0
15049567,0
40660103,0
84200991,0
68582654,0
78684562,1
2255268,0
16921933,0
63837732,0
4731034,0
2823450,0
65338348,0
70252390,0
68425557,0
35313163,0
90162894,0
22124694,0
93127191,1
66087258,0
99927089,1
66271439,0
33981655,0
45405102,1
74623799,0
45329763,0
40057073,0
98869764,2
63689535,0
40679347,0
10231015,0
4768008,0
84146039,0
58162426,0
72961971,0
89192605,1
29711403,0
38619269,0
18739601,0
67221043,2
30962836,0
57123141,0
64247976,1
32539333,0
71881293,0
4498414,0
30658759,2
50848259,0
42166026,0
60918816,0
8554259,0
79685291,0
18061332,0
34182637,0
20209689,0
70923481,0
53176772,0
57825978,1
76289146,0
70522186,0
79469857,2
56567337,0
65100356,0
67322260,0
84520269,0
31754068,0
80079409,0
88645371,0
72759458,2
26478361,0
84805785,1
54353676,0
42664865,0
68053239,1
19544177,0
2042510,0
16366144,2
12280716,0
64301770,1
75984731,0
71615098,0
82440114,0
3633598,0
28676460,0
25997925,0
13468858,0
76193682,1
15938319,0
26316748,0
69906105,0
99146661,0
5100624,0
51555503,0
23378791,0
10181515,0
25247938,0
66900837,0
50504572,0
86339920,1
84106109,1
27926291,0
24563762,0
26614815,0
57297857,0
38096780,0
24372436,0
85819413,0
91042702,0
68953549,1
44390749,0
29163663,0
24744742,2
99742323,0
3494637,2
46430910,0
87687863,0
36272486,0
89842859,0
75033128,0
27927711,1
33515702,0
63063406,1
31874018,0
2474153,0
96647907,0
78617449,0
56358558,0
48419566,0
13868313,0
50918269,0
1097513,1
7640295,0
73305940,0
25777461,0
69099321,1
77466976,0
76053774,0
96792780,0
98761627,0
73437079,2
90953434,0
60335743,0
78402237,2
47994902,0
15981661,1
93844687,1
84852694,0
48273730,0
64483572,1
57590463,2
2516360,0
16393790,0
42746498,0
6013315,0
20914768,0
29868001,0
82789513,1
91924362,1
59292493,0
54269093,0
80007056,0
91930301,2
71591534,0
61340580,0
17562504,0
11362956,0
34700604,0
41874714,0
81399524,0
244000,0
65102091,1
96681770,0
3042934,0
10668465,0
12693432,0
84215591,0
80554215,0
5322069,0
32202952,0
38282132,0
78657053,0
73222811,1
91388609,0
83226738,1
32597237,0
77491577,0
64627593,0
83467621,0
39378946,0
30573845,0
76301539,2
15413452,0
59474405,0
18401635,0
76529547,1
7379978,0
12870914,0
38688367,1
51572415,0
61096650,0
84100297,0
66660796,0
82925803,0
49009601,1
80720138,0
82681968,0
46283531,0
36192374,0
87846915,0
964706,0
95722773,0
13090702,0
92563485,0
44574975,0
62829280,0
2519077,0
52702877,0
11817789,1
21486995,0
82240870,0
81843608,0
27177544,0
90373160,0
84805472,0
90287000,0
6372131,0
45982138,0
32649490,0
52362704,1
74782301,0
88582394,0
5778999,0
99865370,0
56993732,0
58545933,0
68090145,0
82015514,0
73986568,0
41768772,0
8639098,0
71066522,0
66271696,0
60976249,0
88813842,0
45257482,1
45205638,0
70883085,0
73940542,0
9181036,0
53524606,1
77246132,1
37867080,0
99805169,2
50339108,0
44021654,0
8853439,0
11103245,0
22592855,2
71025964,0
65651720,1
24262834,0
33720048,0
68422365,0
86629674,1
33621396,0
53001947,1
99468721,0
13977094,0
97698460,0
88107235,0
32880915,0
94103059,0
23934717,0
64829276,0
29933861,0
30948732,0
94698701,1
35653219,0
87537168,0
68550289,0
22356627,0
95289606,0
91802072,0
89261512,0
56446220,0
54890181,0
95094327,0
80509987,2
74754942,0
67380812,0
99756896,2
2430028,0
77648216,0
83191944,0
17684010,0
29226178,0
99708842,1
69210554,0
33465549,0
81670375,0
23380975,0
69729338,0
89183454,0
75878079,0
36265195,0
32969255,0
28930887,1
50815091,0
1881274,0
1155758,0
64172176,0
29271830,0
91401105,0
78336302,0
34951489,0
63801194,0
89966347,1
10808461,2
4406534,0
7602665,2
40660488,1
93569363,0
42802734,2
19595191,0
95357202,0
83609095,0
67585602,0
95974371,0
9625508,1
38099293,0
72649830,0
14660067,0
41232727,0
23402166,0
4984128,1
21210426,0
41447112,0
60634462,0
8234321,0
21742258,0
255736,0
87479737,0
44802651,0
6301724,0
7975341,0
3863462,0
20779713,0
72020813,0
10459657,0
69510797,0
61443270,1
47713030,0
61438557,0
39523483,0
60959311,0
68800796,0
30713627,0
3141740,1
44778691,0
40673727,0
86740083,2
45058735,0
50054962,0
66661559,0
11384099,1
1624305,0
97629136,1
12775174,0
68109958,0
98499290,0
82624659,1
20472760,0
87054305,0
18197773,0
442773,0
39873114,1
92146832,0
87410502,0
79043692,1
54551201,0
40962670,2
59372611,0
1482209,1
86239976,1
82771697,0
39319078,0
24387898,0
6229724,0
28534345,0
51997718,0
19167171,0
61117547,0
64788698,0
12960669,0
11787022,0
34818088,0
67165469,0
67459890,0
65155373,0
48498201,1
92165704,0
33247236,1
46678262,1
63491163,0
47950865,0
68385398,0
22697348,1
66088269,0
57011312,0
3061001,0
25175876,0
12286644,0
53403546,0
30929972,0
42702118,0
9235904,1
43987683,0
13579467,0
1829883,0
88992850,0
6830595,0
19915866,0
41278258,2
80670693,0
75433844,0
4318167,1
25692244,0
56763048,0
94230735,0
18759065,1
39385054,0
39295632,0
29101448,0
23973990,0
33218331,0
77697751,0
52593494,0
72754167,0
29525359,1
87476952,0
59685178,1
81641413,0
79100181,0
95245839,1
22640274,2
46795646,0
68422702,0
97204913,1
95444147,0
322633,0
98072286,0
21107683,0
71511156,0
46335826,0
68398987,0
8987123,0
12827854,0
43711013,0
79780211,0
31267900,1
99850766,0
52418975,0
65554993,0
41176381,0
21483630,1
46162917,0
12828035,0
22687237,1
8108399,0
94112231,0
97245300,0
82029052,2
43272362,0
69999465,0
74302517,0
57351878,0
15577242,0
82280845,0
3326101,0
32240604,0
54139621,0
80424676,0
47831746,0
70681972,1
26551703,0
100679,2
85458407,0
76449238,0
19023443,0
97569024,0
31790666,0
96561506,0
70812048,0
70771145,0
85065167,0
58312846,0
85446936,0
18683134,0
37261811,0
48590326,0
90511459,0
88402771,0
18609405,0
70536512,1
48723766,1
71682104,2
84472884,0
94540524,0
20081672,0
90498156,0
39862102,0
2986513,0
71020923,0
11050974,0
73947319,1
25148166,0
26200175,0
63700293,0
65966555,2
73094116,0
94797207,0
41802714,0
25360364,0
62913302,0
48317204,0
11679216,1
344030,0
26342770,0
2130705,0
47654490,1
21859676,1
9377354,0
57546978,1
7190821,0
14372532,0
69350556,0
40747350,0
64810591,0
41043772,0
21753367,0
80434987,0
37868684,0
51249933,0
80359817,0
49489899,0
23216017,0
88072468,0
23142597,0
81007808,0
54623562,1
18324699,1
75498272,0
1168199,0
47904671,0
55625010,0
93802723,0
60312495,0
27958779,0
54691652,0
146559,0
63061351,0
34952205,0
35587413,0
92386141,0
68007883,0
57477534,0
7771634,0
60610853,0
64099015,0
48980211,0
53361809,0
72565508,0
33983544,0
76884064,0
26480449,0
36637637,0
55159501,0
62075452,1
96603700,0
58434136,0
50250520,1
8551884,0
85496242,1
60183897,0
23295227,0
31423767,0
64465482,0
78474247,0
62561054,0
10245009,0
80245871,0
79192194,0
5827840,0
48867091,0
67906642,0
26314538,0
72862999,0
71352584,0
54379534,0
32829294,0
20971718,2
44936084,0
16012987,0
71421587,0
96874644,0
25404551,0
91368194,0
25128592,0
39421277,0
83073780,0
72464404,0
69692541,0
26635402,0
45065812,0
10977469,0
90675225,0
28449927,0
24375409,1
27550950,0
49442899,0
52865393,0
26100559,0
98967268,2
33902173,0
51494485,0
12503686,0
97884772,0
12243817,1
17410417,0
77507446,1
46167372,0
41551935,0
15561096,0
64106937,0
86772355,0
91274201,0
99710889,0
30492803,0
74914286,0
31427936,0
20205577,0
78337063,0
22339600,0
19874078,0
56326367,2
46598038,0
65740316,0
40028177,0
75646514,2
5152643,0
1105612,0
66485161,2
76426906,0
44654410,0
90528802,0
12965017,0
49823963,0
57078122,0
49531178,0
61878166,0
33810479,0
73771918,0
38371274,0
91007713,0
59377797,0
77291288,0
22691991,0
11024543,0
55315656,0
59995428,0
43061646,1
34458985,0
81263177,0
86380742,0
32894739,0
11831033,1
9536552,0
65456983,1
77304094,2
51453126,0
89330598,0
45527180,0
23711406,0
18858868,0
59430808,0
43117469,0
53807169,2
23758133,2
56271369,0
75383675,0
15776314,0
7353440,0
50671309,0
16988296,0
59097958,0
68141368,0
41782313,0
37579960,0
13925964,1
76438193,0
17183138,0
92185592,0
86429823,0
33147964,0
81894339,1
51268497,0
1387022,0
93019323,0
97808763,1
89514467,0
66229306,0
94180843,0
84993696,2
98839800,1
385120,0
87732768,0
92762969,0
83085916,0
10618184,0
26680071,0
12981748,0
59549278,0
9526815,0
81392523,0
60572413,0
39246430,1
3094636,0
20506586,2
69117467,0
69787976,1
81349158,0
51743437,0
49476942,2
71839850,0
89341744,1
93008272,0
2219837,0
41751726,0
66838564,1
6724635,1
2241902,0
86151761,0
80147569,1
7101365,0
44511291,0
88079653,0
52865260,0
33218313,0
34824911,2
58810231,0
58130671,0
85207721,0
93964114,1
59789215,0
4649037,0
58358126,0
4650785,0
44716312,0
43314265,0
12961368,1
64349345,2
4588276,2
62187682,0
65922130,0
56454382,0
15154520,0
73935467,0
32794287,0
71999295,0
59532442,0
6634001,0
14908846,0
30991152,0
21915580,0
88370208,1
46845932,0
94592577,0
8139697,0
48116251,0
29726119,0
98939344,0
23964548,0
36722406,0
82038699,0
21051428,0
37198035,0
73884821,1
66522950,0
80729114,0
60290818,0
84211221,0
93372712,0
26270930,0
25714167,0
48131698,0
56723341,0
73052957,0
83968500,0
29536498,0
41275836,0
62914733,1
12030000,0
10180058,0
2712446,0
46374832,0
6155515,0
77919222,0
67485233,0
32731314,0
49308675,0
13300044,0
97331668,0
57298799,0
95496525,0
48044351,0
10344640,1
1860691,0
30032094,0
52576883,2
83216764,0
21313241,0
75104688,1
26077976,0
56731782,0
11755297,0
3995196,0
55448267,0
63331247,0
423519,2
92672803,0
41823717,0
15869969,0
61297830,0
13844550,0
45326867,0
48394298,1
69388614,0
5166281,0
39154996,0
834471,0
10032261,0
76697462,0
12103210,1
59820162,0
12266886,0
54070340,0
96352434,0
35245843,0
87923139,0
56960414,0
96042376,0
4577940,0
91978599,0
22850339,0
94106138,1
7684286,0
70709751,0
8399281,0
99113400,0
22778822,0
16044174,1
41842808,0
22463820,0
77617534,0
47527250,1
27900391,0
98411832,1
67344420,2
67746547,1
43473465,0
95756858,0
87840884,0
10958598,0
75104092,0
25633505,1
22101459,0
76431464,0
38684336,0
92476858,0
45200833,1
88957616,1
57085019,0
38696010,0
2798037,0
54374290,1
37171306,1
27965213,0
536219,0
69557488,0
92635162,1
55668964,0
77747162,1
77213711,0
50413354,0
46148474,1
30884270,0
45601437,0
38810153,0
90947336,0
64809030,0
47504653,0
85537455,2
64805405,0
13543115,0
6450455,0
71846898,0
25442004,0
46009929,2
99982225,0
2293656,0
61097617,0
53979776,0
18055208,0
30723442,1
34210726,0
62585112,0
57055232,0
62074286,0
55645316,0
2221573,0
11628282,0
52522070,0
99051077,0
7576530,0
68285617,0
22876778,0
30772530,0
28027298,0
54822029,0
12402536,0
42883842,0
29453719,1
99528131,0
15938091,0
68333080,0
12447784,0
6280972,0
62412818,0
46733506,0
18609182,0
51293574,1
16841366,0
24341514,0
92081153,0
2982616,0
78317376,1
26590311,0
9222955,1
84792801,0
72211200,1
98482889,0
74399157,0
9784901,0
84087248,0
2466496,0
5798406,0
10805856,0
74038897,0
76166687,0
70256430,1
99539532,0
27774731,0
83108063,0
6453675,0
70095267,0
10866821,0
42285667,0
6541697,0
298258,0
94997431,0
68526693,0
64493971,0
35060342,0
63755975,0
30597945,0
59019732,0
54874457,2
54153141,1
16928467,0
78017410,0
24066672,0
11344846,1
47718960,0
18063859,0
48947279,0
73170938,0
35679838,1
38262540,0
22808223,0
54960834,0
8615769,0
15612750,0
35364024,0
82832190,0
5851697,0
83584833,1
71309814,0
63792048,0
21168262,0
55655549,2
91294583,1
65487723,0
85150317,0
37320281,0
69474947,0
78619486,1
85348285,0
14680676,0
63111394,0
76479422,0
31645350,2
78326224,0
90661793,1
25838820,0
98918449,0
60333915,2
74267204,1
97374427,0
79409258,0
48860043,0
30125722,1
5207284,0
76354945,0
78016591,0
47661716,0
66083124,0
21201121,0
42701655,0
70452869,0
99599082,0
41421084,0
70476396,0
39944616,1
18432525,0
73203994,0
26615892,1
35122476,1
4882237,0
21645389,0
83031683,0
75054217,0
70316383,0
58509971,1
72766823,0
30963900,1
67478845,0
15271098,0
67570740,0
83674014,1
7307988,0
97205512,0
49059940,0
63290286,1
48293717,0
79607632,0
49317412,0
55594999,0
44074683,0
49344213,0
36336995,0
11853594,0
91734377,0
20227183,0
1265547,1
51735086,0
87646214,1
95376728,0
37469563,0
37633288,2
18228713,0
55647895,0
38157546,0
97318445,0
82754814,0
33911269,1
75188130,0
61833829,0
40313708,0
48031238,0
11834483,1
22731352,0
52792899,1
45638406,0
16961545,0
9528344,0
60252468,0
97393857,0
69172836,0
92622070,0
42478621,1
72967028,0
95075959,0
21543690,0
83646596,0
84621589,0
78623723,0
54339997,0
53359936,0
52499554,0
32754623,0
51605539,0
52547915,0
80338288,0
94586433,2
80916902,0
99259352,1
80523635,0
47232512,0
3843255,1
7628369,0
84297555,0
20086711,0
8245282,1
65627144,0
81225306,0
71797829,0
91683299,0
4440528,1
55454923,0
61081612,1
83804555,0
95319204,0
49618143,0
78710175,0
96462721,0
69441406,1
47358170,0
21007556,0
74220194,0
86167775,0
74789631,1
26698230,2
98365493,0
1623211,0
30332079,0
79247958,0
6146859,0
87000052,0
76695249,0
29713558,0
9907801,0
9317491,0
25780833,0
21098527,0
85936303,0
37055225,1
64574136,0
60991661,0
26136545,0
95327958,0
79736508,0
7734288,0
72492324,1
38294195,0
19164874,0
85685705,0
32601571,0
82920139,0
71071216,0
31439444,2
71728834,0
67895136,0
94618632,1
26641241,0
97765897,2
67462384,0
92843509,1
47546011,0
32481134,0
19037297,0
6867527,1
18738048,0
91247576,0
28348117,0
14776929,0
88946501,0
60198776,0
46882893,1
32891408,1
83953970,1
50560181,1
52490175,0
31978954,0
92943593,0
77390700,0
79076594,1
8334519,0
81577179,0
8584289,0
11599120,0
45473652,0
5909549,2
49689234,0
37334356,0
48431379,0
90897814,0
13411865,0
81303565,0
84587880,0
53849700,0
76739157,0
35894492,0
15576528,0
37326239,0
21551504,0
20748907,2
87138372,0
66875030,0
12482222,0
30603259,2
16621201,0
49459908,0
65324279,0
44524349,0
68518967,2
67638190,0
28701425,0
31825028,0
50781984,0
57645092,0
60731930,1
1049488,0
93125226,0
47779427,0
23910370,0
95762631,0
51245266,0
31656607,0
39233359,0
45217885,1
90697590,0
17473992,1
65377461,0
16315798,0
97368251,1
55295718,2
26941717,0
16214362,0
48306430,2
66830972,0
65237582,0
61940550,0
1384720,0
51845553,0
30442529,1
19693266,0
25532421,0
78552256,0
27935584,0
37133968,0
75078090,2
46138443,0
90018189,0
75038038,2
13666585,0
48146893,0
48234921,1
73228748,0
62956131,0
95425926,0
24147362,0
80924116,0
4431018,0
89126590,0
76107510,0
19447668,0
28032096,0
98154983,0
16442638,0
21374488,0
20352990,0
62553001,0
17358202,0
82328228,0
32732253,0
44499858,0
92341843,0
38093978,0
24552370,0
83651671,1
13648146,0
7952936,0
90405063,0
71365967,1
86538332,0
13639344,0
68492935,0
22308123,0
27430394,0
16523014,0
99727808,0
15228342,0
8753114,0
25464158,0
74042706,0
87651378,0
48230750,0
9429360,0
89908453,0
59779632,0
53634788,0
86158783,0
72671408,0
95379227,0
98705794,0
23773248,1
53558353,0
62812607,0
8662623,0
57729089,0
30172004,0
68318,0
78725187,0
42471625,0
92539534,0
27777100,0
49896464,0
49627174,0
63452695,0
11839133,0
60252383,0
28203548,0
52145976,0
96245471,0
85619324,0
22689905,0
82119035,0
5613791,0
2790403,0
15246210,0
56761077,2
35673687,1
34662730,0
7891943,0
56720001,0
36833630,0
35333204,0
32631580,0
1241907,1
23434367,1
90964626,0
85846294,1
14411182,0
43504013,1
67541827,1
76235501,0
60141508,0
58831831,1
59293650,0
32836106,0
17183168,0
35902527,0
21646184,1
40824343,1
22052744,2
64189516,0
56300692,0
93449150,1
79235295,0
21613979,0
55967964,0
29913598,0
93742460,1
66606126,0
95367563,0
87162513,0
92526335,0
8076511,0
73847953,0
47385700,0
77966835,1
37579215,0
26243545,0
21812269,1
6409114,0
57392971,0
19767398,0
74060235,0
28124818,0
59580432,0
62540637,0
7264169,0
5706435,0
66555318,0
95070625,0
54944571,0
45080277,0
40542724,0
7274014,0
70068622,0
31012066,0
21220589,0
85837267,0
36695999,1
42331245,0
67143963,2
82558546,1
46947074,0
81821726,0
88317524,0
60382297,0
81119941,1
57582771,0
85868552,0
40289722,0
6666823,0
11419979,0
23989351,0
86757901,0
15881609,0
82764348,0
43713979,0
11630234,0
10541829,0
36609272,0
84098506,0
21494125,0
58302950,0
99413607,0
19139587,0
14888385,0
27094493,0
45385947,0
43085117,0
7364514,0
77274278,0
22997376,1
17609344,0
83192976,0
57651929,0
61485968,1
3010978,0
13423022,0
17963529,0
39614885,1
74112796,0
99961316,1
25328768,1
74919823,1
14077765,0
66663224,0
11924996,0
85784923,0
55834534,0
21059575,1
39641094,0
91483981,0
95837906,1
99115384,0
2807494,0
24671722,0
37407407,1
75873152,0
81972360,1
39205253,0
70090390,2
69060786,0
41876769,0
8660729,0
30724993,1
54740023,0
18875352,0
75507333,0
42531222,0
40092495,0
52686791,1
85760116,0
31854060,0
22982993,0
33090365,0
89945473,1
32184517,0
90067568,0
34291467,0
94509732,0
96965810,1
36949796,0
70461460,0
54763754,0
42329401,0
51368911,1
42331920,0
92432382,0
78524118,0
31843079,0
42704518,0
63345571,0
4855164,0
71229894,0
33514337,0
52000526,0
52287951,0
88808150,0
2830269,0
80494453,0
32905391,0
92326050,0
84380901,0
97127845,0
34116454,0
32647014,0
55240625,1
82651375,0
43453111,0
6771023,0
3354403,0
92039626,0
91014705,0
41921834,0
8901216,0
23480543,0
63573419,0
13346059,0
35396924,0
48803735,0
87535107,0
90563621,0
567520,0
86593443,0
47611611,0
39863741,0
28568441,0
38932769,0
28495940,0
77641549,2
36314529,0
33787722,0
50189940,0
56602311,0
48354691,0
33053560,1
83915119,0
36945931,0
88936756,0
1737355,0
94036739,0
32814808,0
98233883,0
75178481,0
52950446,0
10267064,0
16186505,0
51581940,0
93630028,0
2599721,0
63215234,0
90363870,0
70218719,0
52614588,0
94093356,0
40228729,0
69047112,1
68580741,0
6404502,0
1582051,0
18945676,0
75269287,0
46295940,2
21736444,0
43740135,0
82181502,0
55548773,0
22809172,0
54371670,0
95356183,1
25490845,0
68109512,0
69231911,0
48317103,0
94286691,0
72398284,0
79470190,0
70340980,0
16520129,0
21401468,1
5176392,0
96623093,0
45647795,0
29061949,0
66630075,0
36625655,0
53404048,0
50306620,0
87915215,0
11012785,0
55035543,0
90972458,0
58635173,0
6761650,1
38171346,0
33900019,0
80248967,0
9149580,0
58739528,0
62774962,0
93821649,0
69858344,0
60330243,0
18023232,1
44811514,1
89096698,0
32015244,0
41124676,0
9452383,0
3930633,0
55306217,0
80554370,0
1331314,1
61471691,0
20764931,0
80848701,0
87735680,0
13619724,0
6969326,0
97817763,2
23242377,0
41132575,0
74359998,0
54053297,2
3875231,0
96304410,1
6448686,0
42094348,0
82163596,0
6520839,0
54519834,1
80593075,0
94119065,0
7178635,1
45478068,0
82038862,0
75845281,0
21160037,0
91041527,0
20233226,0
60145766,1
70410069,0
45235935,0
67835297,0
76100039,0
35209776,0
15625213,2
99133983,0
28951321,0
69156739,0
15507498,0
76547659,0
96357259,0
99559083,0
821376,0
67772944,1
25442545,0
15246701,0
21540236,0
40945273,1
88171283,0
13918399,1
60156469,0
21116630,0
72833095,0
43414875,1
94132784,0
96385717,1
67103292,0
59514237,0
2761985,1
2933606,0
62686912,0
56910850,0
82119637,1
64336892,0
28127237,2
94622531,0
8278097,0
29401477,1
71789602,2
50482646,1
16482466,0
58855971,0
44548213,0
78789377,2
40806438,0
57225981,0
47419937,0
20930826,0
28640493,0
63284313,0
34084210,2
16599563,0
67413491,0
46031389,0
20611469,0
7632520,0
74186254,0
28611959,0
53978907,0
77208177,0
2860306,0
94469494,0
66634626,0
83613144,0
17791372,2
99093252,2
95980896,0
30462130,0
24922413,0
36220497,0
40943888,0
53149506,0
58929848,2
35680213,0
69625514,0
40665326,0
99540478,0
91191393,0
16816082,2
5736450,0
99983667,0
4573733,0
78517972,0
80964309,0
21330207,0
63664612,0
16986311,0
70505396,1
55367030,0
86896833,2
33956778,0
44554348,1
46230473,1
37578108,0
30661471,0
7221301,1
94435519,0
30748418,0
23437956,0
50323599,0
32843248,0
45793593,0
15887185,0
66012657,0
23681376,0
85736996,0
60720276,0
17163674,0
72936496,0
54626390,0
34419765,0
17888117,0
60864650,0
23042887,0
66433974,0
666132,0
59215945,1
32605634,0
30936101,2
39784316,0
33625952,0
11936177,0
65030844,0
97446206,0
86595261,0
38737039,0
70852148,0
80389421,1
36706344,1
29936957,0
27172170,0
74459820,0
51087244,0
66027714,0
85208762,0
51785456,1
32722328,0
53737487,0
80639834,0
68245487,0
45713644,1
49937267,0
78411646,0
72897675,1
33842057,0
12702180,0
38717177,1
89433940,0
54021904,0
69967622,0
60291591,0
84433888,0
15702164,0
76065213,0
39521489,0
5998494,0
41320514,0
75834254,0
59628430,0
28673384,0
4369827,0
29257603,0
84946359,0
70876117,0
21456165,1
54804465,0
73843827,0
54150702,0
98786540,0
11766725,1
77808399,0
65907427,2
41854541,0
74896913,0
48296501,0
11020388,0
19072516,0
12418634,0
96392114,0
70232648,0
75735531,0
69175215,0
47877428,0
30357650,1
68627965,0
15521597,0
19376527,0
84105893,0
74018757,0
95410517,0
16062235,0
94655044,1
94502519,0
4385357,0
96557505,2
19461767,0
47535626,0
65285406,0
48190646,0
28069446,2
49236600,0
9369840,0
72920145,0
89827902,0
56418668,0
83778742,1
26336774,0
46617747,0
37919284,0
24679238,1
95040271,0
3876164,0
99385590,0
72598452,0
38785514,1
8257569,0
71389331,0
76261387,2
16719556,0
32663506,0
90257774,0
23296133,0
23809941,0
5217889,0
95524050,0
36926571,0
71067545,0
53353292,0
96189027,0
37164880,0
59214795,0
24336138,2
75351540,0
15899310,0
72560627,0
53050317,0
25417262,0
91739069,0
54360132,0
90654567,0
19029978,1
11189790,0
47205081,0
91546337,0
48826872,0
29043136,0
47965107,0
64278704,0
17985203,1
12983207,1
29373373,0
36687931,0
81459626,0
27108493,0
71111440,1
88803149,1
84723394,0
53732246,0
31004904,0
7517295,0
53894059,0
55552644,1
57420976,0
40399457,2
54607373,1
11044554,0
89259368,0
68684345,0
88268647,0
24760448,0
46171023,0
2870792,1
30677082,0
15540089,0
73757245,0
1462177,0
18793172,0
83963841,0
66313022,2
85009039,0
51880016,0
16414600,0
4928450,0
5176461,1
19719003,0
74421482,1
68052061,1
80511705,0
83868873,2
31874437,0
66532704,2
5602531,0
33524206,1
33562366,0
43782499,0
22961342,1
1941539,0
85598872,0
60726824,0
66946104,0
22044835,0
48299101,1
75539291,0
28337143,1
42237261,0
51245683,0
71353816,0
70307748,0
34931226,0
32634125,0
1680848,0
7153963,0
47079899,1
54604267,0
5161606,0
24585612,0
45416884,1
59234068,2
30671382,0
37913197,0
63125443,0
62730966,0
99074318,2
64157734,0
82580400,0
74777460,0
34959687,0
3697070,0
37974333,2
52527664,0
78007563,0
24493315,0
1817674,0
88210355,0
46572024,0
8178372,0
86723970,0
40426530,0
48070965,1
94274354,1
51119810,0
48434972,0
4635676,0
9897969,0
29897604,0
70464681,0
27707783,0
67851211,0
22100032,0
81871701,0
74459603,0
78061498,0
30487379,0
49624866,0
84566653,2
3981304,2
71821319,0
41811970,0
72473363,0
16773311,0
58747197,0
2702381,0
71370007,1
88510220,0
18890240,0
74665912,0
35787620,0
41768326,1
25425435,1
26302860,2
79440276,0
75379447,0
50589132,0
66286173,0
25918619,0
3445810,0
50912194,0
29642533,0
14926974,0
3570329,0
31220447,0
4740795,0
9401922,0
51697178,0
94610318,0
65499556,0
25508651,0
59412156,1
63365535,0
27600896,0
63494858,0
83635828,0
39562102,0
48355423,0
6640212,0
50916685,0
80050598,0
89605726,0
89469436,2
85611729,0
71951116,0
11102949,0
23910849,0
86405278,0
43508845,0
36008287,0
58474241,0
30992036,0
3381629,0
60974504,1
86890539,0
43252131,0
13788744,0
52978650,0
4126993,0
59852160,0
70040292,0
31657072,0
96054174,0
98420696,0
37537421,0
6959951,0
51755164,0
73363323,0
84578425,0
80382754,0
89084501,2
81274869,0
21226601,0
80068679,0
96777385,0
8367520,0
58072708,0
13035485,0
75445816,0
36916427,0
80090733,0
59199131,0
52596495,1
9774120,0
81218997,0
63282371,0
59173240,0
186125,0
51595601,0
77569219,0
60531413,0
81392307,0
29087191,0
59808995,0
2200518,1
99888563,0
80219201,2
49721439,0
24081224,0
46121841,0
18250069,0
99905172,0
62280129,0
25776927,0
39454110,0
13360211,1
20532064,0
14473251,0
57266982,1
76697136,0
40767053,0
98954632,0
18694988,0
92868429,0
11144497,0
88569138,0
19960444,0
95154018,1
49476623,0
46144044,1
32347516,0
80636028,0
92497841,0
5184799,0
57614078,2
14150361,0
69042216,0
86752187,0
49842238,2
8276030,0
37469047,0
62004859,1
55515230,0
43072489,0
44924943,0
62261958,0
41326756,0
20039399,1
60605373,0
87063273,0
71759766,1
96846708,0
39233813,1
83398094,0
9655112,0
31092305,0
39877179,0
12089662,0
59122953,0
46618816,0
42853926,0
72235675,0
28342372,2
2815533,2
13062357,2
26212169,0
5912682,0
12734176,0
30148943,0
3194897,1
73185827,0
9922907,0
78711892,2
28346453,1
87707894,2
35237677,0
19225461,1
47087290,0
59949960,0
64813798,0
31862258,2
61384021,0
6796948,1
90334379,1
8269226,1
93140904,0
29696923,0
15050106,0
42053795,0
68294374,1
53321090,0
55020080,0
68460999,1
82148753,1
55538956,2
17754537,0
85735467,1
29320052,1
80963163,0
15647482,0
15119942,1
91914498,2
88124253,0
24407668,1
92644147,0
2360207,2
91027552,1
3664743,0
79679448,0
9519744,0
33271530,2
2544880,2
95039718,0
48523432,0
18222766,1
69875909,2
30530030,0
32690721,0
11340975,1
30132542,0
32318078,0
28764250,0
28259369,0
37811338,0
68365793,0
35754658,0
13156945,0
21310826,0
34734405,0
33700559,0
85430270,0
96969433,0
69954847,0
12135570,0
19785165,0
83079751,0
87928771,0
66718392,0
59276431,0
97680763,0
58652494,0
95665543,0
22706120,0
57487505,1
30502017,0
42521411,0
60237110,0
50401689,0
78474969,0
46144692,0
52783785,0
36340873,1
18551611,0
36658402,0
13044527,0
43156893,0
98391336,0
23546891,0
71707402,0
46003951,1
57957624,0
1679946,0
88167050,0
46497052,0
49515482,0
57696405,0
26167096,0
87216102,1
61525705,1
86301234,2
84289038,0
33952573,0
31533062,1
71964805,0
96564026,0
39007247,0
96175595,0
47497599,0
2779401,0
36486669,0
54636889,1
270739,0
84707642,2
26828492,0
46191018,0
73585217,0
88688437,1
38740299,0
21624794,2
90396970,0
6159749,0
79025173,0
56199920,1
2419621,0
24375047,2
78830846,0
57895353,0
98011948,0
57751678,0
28337106,1
8538143,0
32578242,0
7089432,0
54664487,0
58420277,1
14047601,0
74180798,0
8051736,0
83463363,0
24080952,0
64668984,0
90485905,1
62971454,0
91055582,0
87611063,0
95465145,0
16593694,0
88167854,0
39779838,0
35309774,1
55563615,0
3825093,1
97200646,0
69075868,1
5445605,0
59512426,0
9876890,0
25255256,0
71205723,0
26323134,0
46934932,0
59891372,0
37427197,0
75572859,0
20535113,0
86478908,0
67482233,0
74894134,0
79084011,0
28424019,0
76778136,0
29303076,0
35561690,0
63902824,0
98902255,2
21304533,0
29106978,1
9789669,0
70727545,0
80032625,0
75269874,0
347816,0
52766513,0
1661441,0
32536540,0
88317253,2
99432892,0
45082579,0
92826249,2
41289684,0
91499337,0
26825546,0
61403242,1
35520018,0
60947957,0
55151182,0
29934925,0
13560339,0
88231492,0
40455895,0
46711388,0
58642627,0
27423966,2
92975959,0
30579318,0
3274930,0
41768852,0
91337862,0
20733901,0
12208504,0
54209570,0
8310017,0
90097684,0
13616301,0
68723071,0
53999438,0
9957677,0
91882555,0
42182931,0
70865662,0
37861481,0
55182533,0
36974072,0
24329416,0
19313619,0
49344884,0
82339005,0
59127817,0
35223263,0
69504479,2
23206563,0
92906933,0
4354447,0
3879506,0
75723038,1
37951565,0
40694485,0
80043776,1
76098007,0
16062017,2
5528996,0
80370320,0
98051676,0
24176439,0
82707583,0
92310017,0
79312995,0
80965288,0
58376144,0
9641360,0
8403750,0
81678,0
17988084,0
68846006,0
16418699,0
3010614,0
33349350,0
47925466,1
49777120,0
38347130,0
43313459,0
56691236,1
41900837,1
8661790,1
81361048,0
75748204,0
42823975,0
29184390,0
29593077,1
75579638,0
48465854,0
84111173,1
92233317,1
58208062,1
70645370,0
49052791,0
29458063,0
84230988,1
10166775,0
59470907,0
51317943,0
81989231,0
82024238,0
40633245,2
75960220,0
5362475,2
51538566,0
4518196,0
70895504,1
45030976,0
93617561,2
14645675,0
87407504,0
3780289,0
15781542,0
97616455,0
70804354,2
45160878,0
54552786,0
17632027,0
84079849,1
21824644,0
57875793,0
56185944,0
32167088,0
44221051,0
13826520,0
46670998,1
64289216,0
13359234,0
74151871,0
52322607,0
5357530,1
40252696,0
23936758,0
9774315,1
5463608,0
34567776,0
77961604,0
89301570,0
49924744,1
40180588,0
44131930,1
12432163,0
96014648,0
83809325,0
62042936,0
86142531,0
90668370,1
32259435,0
67145022,0
31919708,0
40515443,0
35774455,0
31891893,2
29898311,1
30664442,0
52437505,0
84445284,0
69515849,0
59020640,0
53392793,0
36350481,0
55932464,2
86379722,0
52761186,0
50053556,0
65417282,0
64112281,0
83376702,1
63775581,0
58981259,1
80043068,0
85742659,1
58855928,0
38971443,0
12132975,0
13564349,1
73440738,0
48400737,0
20209050,1
99768059,0
44634095,0
71041144,0
33706540,0
8343209,0
67706425,0
96411439,0
78152393,0
58022034,1
9276907,0
42655220,0
60156416,2
56832957,0
34645568,1
82233568,0
14040381,0
82457164,0
78386222,0
52140827,0
99504386,0
32122798,0
94507004,1
72273997,0
8044746,0
24666943,0
91406313,0
6897059,0
71267014,0
86353990,0
9680626,1
87981107,0
42021313,0
33664109,0
7436914,0
29082910,2
40971164,0
31750933,0
74211924,0
23862781,0
31657046,0
13008289,0
8821462,0
46653198,0
60153298,0
76924789,0
51970988,0
90976697,0
1605307,2
89483523,0
48499597,0
6115177,0
85270953,1
15430940,0
11768202,0
12276541,0
6035399,0
3107199,0
68552003,0
53044314,0
33847831,0
25686256,0
16811925,0
90444684,0
21328137,0
55657421,0
69548174,0
59517535,0
29646730,0
61982616,0
47733605,0
58176078,0
23433272,0
92037183,0
16992131,0
6921689,0
33759473,0
10633461,0
96872439,0
60596219,0
78025067,0
50037536,0
24132975,0
24000268,0
46910023,0
94529553,0
28097978,0
78172612,0
39218516,0
41416231,0
96023233,0
77595169,0
61928075,0
71376557,0
2046379,1
42892740,0
95159841,0
68942111,1
14300922,0
38678906,0
11447807,2
41468943,0
70128613,0
37262923,0
36881920,1
22029711,1
8890349,0
97219524,0
45862523,1
63320405,0
74526560,0
96125366,0
58500708,0
33488678,0
12461550,0
89400642,0
67297100,0
44740965,0
170262,0
18256489,0
2772481,0
46694670,0
89737750,0
34953220,0
53742626,1
73718478,0
28425796,0
77230004,0
75956394,0
40461769,0
36929721,0
76124541,1
35070827,0
42512939,0
85539756,0
33231743,1
1091785,0
3075322,0
65986979,0
70052538,0
49935952,0
73472197,1
24463258,0
64308761,1
69636439,0
94909263,0
62123939,0
95161963,0
70594924,0
71170113,0
15525190,0
64699400,0
16724226,1
98744420,0
34803919,0
64183006,0
15975682,0
52975308,0
28532716,0
59747859,0
29385574,1
56084322,0
35824430,0
99963374,0
21192670,0
45349612,0
48957874,0
27360299,2
13194965,0
81143013,0
54395889,1
18489222,0
20435071,0
12398220,0
41212022,1
32333069,0
94535097,1
72372404,1
73417691,0
75305032,0
28997148,1
25841461,0
26030337,2
1953580,0
13524818,0
11815684,0
97540030,0
23452576,0
57635980,0
11556825,0
37361776,1
90111343,0
11115920,0
51711788,2
98114130,0
73958176,0
96231171,0
94396305,0
84982938,0
8508585,0
28036578,2
32231749,0
99780059,0
5359620,0
59912200,0
20907283,0
83396143,0
32399099,0
60848898,0
89394532,1
82321085,0
44045426,0
55559192,2
95672372,0
27103927,0
20374345,1
67550852,1
27674334,0
28080051,0
21483726,0
93554846,1
29084390,0
45575408,0
32348035,0
15284459,0
14045823,0
93246235,2
69266901,0
53140144,1
30031759,0
41419594,0
43323817,0
94035554,0
70484443,0
38866584,1
73743436,0
85987662,0
49478694,0
34908703,2
16174593,0
87844313,0
19699415,0
31807054,1
79732402,0
6411393,0
76709241,0
68056564,0
51155164,1
50762463,0
63169191,0
49703830,0
32169144,0
25791519,0
27006175,0
45875655,0
51048181,0
54946262,0
63845366,0
10917183,0
69111446,0
76394626,2
54281580,0
22086444,0
38782532,0
64967382,0
18608105,0
66857055,0
86269490,0
42287466,0
49736975,0
39533911,0
91280158,0
84338448,0
63039621,0
99458209,0
89397298,0
78641429,0
23419208,0
27991318,0
25472189,0
74696609,0
50285280,0
77318122,0
45980076,2
47217794,0
17717070,0
16502953,0
92452276,0
3598365,0
26647318,0
51559934,0
23824685,0
97949775,1
91887206,1
24042158,0
66543081,0
34060298,0
77755399,0
40693363,0
8154649,0
64839692,0
15547118,0
38501450,0
75669488,0
60677854,0
20178890,0
34614769,0
75090181,0
79029706,0
81508680,0
58069469,1
44916218,0
1685459,2
20733781,0
65680484,0
6867161,0
24027080,1
4218270,0
9466328,0
79025791,0
71187328,1
23312836,0
36715747,0
33879061,0
9499749,0
56491901,0
1387127,0
38074307,0
76952916,0
20157067,0
98016574,1
41061702,0
50766719,1
30199788,0
65016126,0
16011475,0
32985246,2
44464301,0
56958344,0
56410826,0
92345513,0
82982243,0
51269573,0
28364505,0
65380214,0
98072299,0
10320378,0
2932650,0
23585742,0
36074136,1
64760882,0
51593155,0
55445779,0
35009895,0
68418686,0
65599582,0
25820175,0
68035229,1
28833166,0
41425341,0
58311738,1
83757012,0
60615184,0
22481240,0
79570796,0
4361111,0
63142605,0
80585790,0
37060437,0
93048459,0
24981388,1
95622814,0
67621432,0
59723061,1
78603381,0
48632769,0
74287338,0
41781762,2
17128844,0
84792555,2
51355895,2
36581126,1
66794149,1
99788805,0
77563290,0
79597646,1
51413984,0
35156122,0
51808526,0
17099110,0
52850356,2
90651507,0
11087668,0
63240558,0
81881111,2
88133496,0
35455640,1
54755996,0
33080564,0
91606818,2
12513368,0
91065750,0
73254301,0
30370834,0
70064566,0
49167094,1
21265207,0
77480351,0
59991115,0
27550361,2
5501043,1
93422710,0
74469490,0
14633382,0
29425643,0
48596865,2
82490494,0
43807016,0
33326092,0
46287493,0
19937784,0
84097363,0
51978997,0
6297590,0
54975055,1
79449892,0
84170863,0
31766860,0
1943781,0
15949285,1
21018214,0
91848348,1
36357383,1
93392955,0
68720576,0
39840385,1
43103689,0
86020479,0
79391984,0
22491516,0
77035494,0
60903382,1
82835414,2
30226496,2
96368907,0
3315865,0
78803291,1
43720485,1
28950822,0
59838276,0
14453687,0
26062343,0
22859707,0
21117101,0
68605119,0
86606491,0
42095382,1
88229451,0
77036161,1
8112723,1
97510716,0
22022550,0
69339655,0
76349716,2
41752413,0
52184197,1
69081704,0
90974885,0
79609213,0
4084538,0
69868771,2
47661210,0
52159614,0
8873500,0
93141583,0
34278659,2
69096534,1
78443530,1
601991,2
91153188,0
9325107,0
74225841,0
11123497,1
65684315,0
61133840,0
24760804,1
33738828,2
75391182,0
48709086,0
45008962,0
77890169,0
51893040,0
71288086,0
32673115,0
80144574,0
18578857,0
74478347,1
42160069,0
61118540,0
84586800,0
52997661,0
96000957,1
14236935,1
71888519,0
43508015,0
12710778,0
55683065,0
85890024,0
69267026,0
52842269,1
73885607,0
91198223,0
49360363,0
92643227,2
60483772,0
2826441,0
74252225,0
81359973,0
24636333,0
71448679,2
64301882,0
84054071,0
45725789,0
54949929,0
11011648,0
80963200,0
90956049,0
58219835,2
98151078,0
77564925,0
97074277,0
69798043,0
10389848,1
7953226,0
33603221,0
96550777,1
48052058,0
70105896,0
6236224,0
50564676,0
89506805,0
22492930,1
52883889,0
87784488,2
16632029,0
63564229,0
10368590,0
10077780,0
20823899,0
50038244,1
37795428,0
76797489,0
86446676,0
25994934,0
2880443,0
77053284,0
54353735,0
3041935,0
28834837,0
79436965,0
42517913,0
12897286,0
12279628,0
98691347,0
40692062,0
8328650,0
29493580,0
4302872,0
22721969,0
67863005,1
5465507,0
28215712,0
88662052,0
85784851,0
90259023,0
66917097,0
46927414,0
79003992,0
43589330,1
69579496,0
17697235,0
67048042,1
54720311,1
82179464,0
22078718,0
17251081,0
14776869,0
90647344,0
67360986,0
57321565,0
10189754,0
67528158,0
87725424,0
25764511,2
91619239,0
37487796,1
35974817,0
55415333,0
83833680,0
34867391,0
93083297,1
31322959,0
42020599,1
89573753,0
21660813,0
64689995,1
65480655,0
32884564,1
64549785,0
48234016,0
14975639,0
87702988,0
63474607,0
70182335,0
44250838,2
45771986,0
94745006,1
8750847,1
86481108,0
15562439,0
14513938,0
27264089,0
82791862,0
52558030,2
66535810,0
277642,0
93001863,0
63825297,0
24360138,0
74953228,0
46154080,0
9832346,0
67195129,0
32161363,0
65938569,0
38089739,0
68541604,0
77772641,0
4375391,0
90657517,1
54100615,0
56969143,0
75741596,0
41174679,0
16886464,0
18666088,0
54333731,0
15889025,0
71160973,0
94148846,0
32454337,0
76322952,0
15382008,0
40302364,0
98866681,0
24007914,0
17918752,0
66821869,0
60224010,0
17682658,0
58490124,0
1555072,0
12589360,0
85974855,2
21627230,1
88032467,0
81084120,1
17930712,1
56830669,0
64697940,0
11502555,1
10267337,0
23546054,0
92780633,0
43176906,0
36024696,0
81701168,2
19537665,2
95446220,0
74293588,0
94529955,2
58798033,0
63865731,0
91284312,0
23299874,1
83322822,0
79904602,1
74244681,0
46693728,0
60498359,0
67611314,0
59871565,0
69567130,0
65851096,0
25877752,2
74419226,0
77705844,0
32676822,0
23129452,1
8692720,0
59872516,1
16942238,0
79544507,1
15983429,0
63121887,0
1967914,1
62592693,0
41656118,1
82939885,0
86302552,0
81174351,0
34237764,0
98544207,0
97535904,0
31000175,2
66931336,0
85382769,0
14749234,1
18783261,0
82834834,1
88078115,0
36602622,0
85756898,1
80082187,0
58662402,1
59321302,2
36934613,0
35191970,0
88607875,0
57815204,0
62696039,1
30118505,0
81148572,0
56176771,0
74247749,1
46895031,0
97889068,1
10812243,2
14039467,0
66678320,0
5779776,0
61116273,1
88153458,0
77586745,0
48135661,2
84970817,1
52577695,0
24140636,0
71536623,1
2799133,0
9610536,0
36798291,0
26150560,0
52993365,0
23665263,0
33127196,0
78080799,1
48015981,0
58767893,0
53950140,0
81120471,0
72507047,0
31581735,0
45795062,0
54142083,0
25861312,0
60953696,0
36573525,1
39671251,0
56616808,0
63407075,0
41544376,0
44910548,0
28676961,0
69222305,0
96377889,1
73975676,0
8676478,0
45910206,0
12303537,1
15788948,0
26885156,0
69893964,0
12903539,0
97347506,0
74208048,0
60585095,1
33972372,0
84566711,0
71548364,0
22202620,0
20448920,1
23189921,0
56213975,0
59228619,0
18016188,0
7040062,0
44502182,0
70638927,0
35708047,0
1170383,2
77899270,2
40843503,0
62026691,1
14378064,0
98127081,0
15795355,0
57321214,0
36350903,0
26288393,0
32699180,0
20453306,0
23179237,0
89545526,0
8040376,0
35282149,0
56974171,0
88887441,0
25682177,0
87277430,0
77219808,0
40486108,0
28169827,0
96524941,0
48599614,1
94459240,0
38792306,0
19657360,0
6826517,0
73217991,0
68732894,0
93521831,0
5922414,1
52289043,0
92845410,0
41077345,1
88420049,0
9415719,1
31928314,0
29595879,0
38433129,0
96638982,2
22853024,0
65379771,0
11325131,0
32517693,0
20387403,0
7642542,2
364943,0
85857604,0
57471522,0
27605390,0
8467660,0
15480493,0
83517929,0
59757804,0
29524470,0
98273609,1
46140550,0
96703306,0
37360622,0
93588746,0
58359114,0
91928761,0
72841948,0
77883978,0
74138576,2
87503053,0
88792349,0
599214,0
72504909,0
59482929,0
77732096,0
70164529,0
84358496,1
97734194,0
40184631,0
26483968,1
24599069,0
60520197,0
57904332,2
24226353,0
42773100,0
3814708,0
13917384,2
72119075,0
83011565,0
50448485,0
94850185,0
95309953,0
84964214,1
20229941,0
74560625,0
92416157,2
10254346,0
23421091,0
97443733,0
19945229,0
85484083,1
57389023,1
25701353,2
13024554,2
40023315,0
42514040,2
45774870,0
63204078,0
49879463,0
59792563,0
54213805,0
60849144,0
25466810,0
35339650,0
16106254,1
42692820,0
4200633,0
2313815,0
58759707,1
61585463,0
95814624,0
58684535,0
93217908,0
81938801,0
75657101,0
41548858,0
70627269,0
65601723,0
24961883,0
19349186,0
50437405,0
14057680,0
26683479,0
26973950,1
29006412,0
46285920,0
17880925,0
13892749,2
74971618,0
13640099,2
6964297,0
2748409,0
17288153,1
98209447,0
91889766,0
99656767,0
5375362,0
71090110,0
77199996,0
19469053,1
53207109,0
4120239,1
96176164,0
79962843,0
61490261,0
48383185,0
76600577,0
14627738,0
98110449,0
83778673,0
94299627,1
78436081,0
56146153,1
98454933,1
34694521,0
98201214,2
15829463,2
13272507,0
76251993,0
89853617,0
62730924,0
94560080,0
50005999,0
32325645,0
50171942,0
35443354,0
35270811,0
64853709,0
11199287,0
2575250,1
41648663,0
70219402,0
65957289,0
12203470,0
85579112,1
11889016,0
16468511,0
1167387,1
11339812,0
7920872,0
48741448,0
30223353,1
15610275,0
1810553,0
53047613,0
48607136,0
73331087,0
24183909,0
41152853,0
24604581,1
75105317,0
38109881,2
60576794,0
77372808,0
28784463,0
23542709,0
95097963,0
90062539,0
9245676,0
57160323,2
86980475,0
74758107,0
68976923,0
93124907,0
91419848,0
56031245,0
84006113,0
13662184,1
11802223,2
82992616,0
7558708,0
46081142,0
64649150,2
22202555,0
54050794,0
69378215,0
85352780,0
31526436,0
42095357,0
89633217,0
22749051,0
25004977,0
44480495,0
2188279,0
40954540,0
85338934,0
53041063,0
63757474,0
55143777,0
36522129,0
23638110,0
39232043,0
76680422,0
6222803,0
42680425,1
15904978,2
80135676,0
10399724,0
72355711,0
10459406,0
74163737,0
71558209,0
5044049,0
46682599,0
35918456,1
3579474,0
44420917,0
99813528,2
51896528,0
16362752,0
77179406,0
81586941,1
467884,0
61637513,0
99852657,2
1148423,0
98114435,0
97195074,0
21159591,0
21909264,1
99862908,0
76710382,0
52268167,1
16474252,0
70690714,0
30017615,0
86976953,0
88308056,0
50917667,0
17461771,0
83283381,0
75857220,1
76694526,0
89325181,0
26077249,0
28157668,0
21195456,0
11460475,0
63168632,0
95565122,0
57425482,0
69209749,0
5307468,0
58093414,0
55680589,0
27999663,0
39101494,0
66949306,0
84219671,1
39993085,0
89738311,0
30027962,0
91731808,0
89947218,1
58113980,0
6854770,0
53201358,0
34436649,1
81874766,0
47178282,0
57337146,0
90936664,1
44204207,1
77456482,0
54320792,1
51127166,0
94854737,0
93307776,0
90684258,0
77529918,0
49783235,0
68485953,0
93597251,0
33298030,1
3494446,2
94804906,0
61270823,0
5007859,0
8010241,0
62481790,0
22835093,0
72639617,0
41370068,0
1249796,0
10147080,2
79085913,0
2753916,0
42690957,0
4149049,0
33385493,1
25770218,1
95240894,0
8595533,0
85468719,0
87121707,0
37138963,0
47888935,0
64504529,0
95235623,0
74132398,0
43374264,0
16334171,0
92821868,0
10772755,0
53562206,2
47451445,0
66890132,0
17478828,0
17123905,0
17483904,0
83554669,0
85524948,2
64583800,1
29264148,0
44691064,0
39116372,0
41709663,0
75781077,0
82349888,0
79607508,0
47488440,1
10867215,0
39613499,0
18450757,0
12759662,0
69922907,0
64718347,0
59982199,0
51826076,1
837324,0
55272919,0
97495395,2
692792,0
53450026,0
81824830,0
1350546,1
12347970,0
80676221,0
34835499,0
57227609,1
21837670,0
61046063,0
33513356,0
74078683,0
86231027,0
82330162,0
13361636,1
66620608,0
64179278,0
72253281,0
80930146,0
81943652,0
76966,0
65080382,0
23588989,0
29220509,0
26722895,0
38025635,0
92007217,0
78675278,0
25628403,0
95629724,0
28120091,0
39110574,1
5496554,0
59004046,0
65838682,0
14474101,0
